<?xml version='1.0' encoding='utf-8' standalone='yes' ?>
<map>
    <long name="last_upload" value="1760063817188" />
    <long name="first_open_time" value="1760063804426" />
    <string name="gmp_app_id">1:412826138735:android:8a32f791e415634f2ff59a</string>
    <string name="app_instance_id">751a3d336b1ebd5f1b50ce71219ecbf4</string>
    <long name="session_id" value="1760063804" />
    <boolean name="app_backgrounded" value="true" />
    <long name="health_monitor:start" value="1760063804502" />
    <boolean name="deferred_analytics_collection" value="false" />
    <long name="last_delete_stale" value="513839333" />
    <string name="default_event_parameters">[{&quot;n&quot;:&quot;sc_session_id&quot;,&quot;v&quot;:&quot;2787277208_7bca2f67-43b7-4112-9b72-9e0b8252a5e3&quot;,&quot;t&quot;:&quot;s&quot;}]</string>
    <string name="previous_os_version">15</string>
    <boolean name="has_been_opened" value="true" />
    <string name="health_monitor:value">2WC79000:Table has extra columns. table, columns: -, -</string>
    <boolean name="allow_remote_dynamite" value="true" />
    <long name="last_pause_time" value="1760063827624" />
    <long name="midnight_offset" value="11665173" />
    <boolean name="start_new_session" value="false" />
    <long name="health_monitor:count" value="107" />
    <long name="last_upload_attempt" value="0" />
</map>
