<?xml version='1.0' encoding='utf-8' standalone='yes' ?>
<map>
    <long name="first_open_time" value="1759736249373" />
    <string name="gmp_app_id">1:412826138735:android:8a32f791e415634f2ff59a</string>
    <string name="app_instance_id">a8b17f0867f77002fca5f7561fd0b8c4</string>
    <long name="session_id" value="1759736249" />
    <boolean name="app_backgrounded" value="false" />
    <long name="health_monitor:start" value="1759736249659" />
    <boolean name="use_service" value="true" />
    <boolean name="deferred_analytics_collection" value="false" />
    <string name="default_event_parameters">[{&quot;n&quot;:&quot;sc_session_id&quot;,&quot;v&quot;:&quot;3184201998_7af00811-a2c3-463a-8a25-a3a2250078bd&quot;,&quot;t&quot;:&quot;s&quot;}]</string>
    <string name="previous_os_version">11</string>
    <boolean name="has_been_opened" value="true" />
    <boolean name="allow_remote_dynamite" value="true" />
    <long name="last_pause_time" value="1759736284674" />
    <boolean name="start_new_session" value="false" />
</map>
