{"Fid":"dF_Ib9OcQxKjVQoPMx-E09","Status":3,"AuthToken":"eyJhbGciOiJFUzI1NiIsInR5cCI6IkpXVCJ9.eyJhcHBJZCI6IjE6NDEyODI2MTM4NzM1OmFuZHJvaWQ6OGEzMmY3OTFlNDE1NjM0ZjJmZjU5YSIsImV4cCI6MTc2MDM0MTA1MSwiZmlkIjoiZEZfSWI5T2NReEtqVlFvUE14LUUwOSIsInByb2plY3ROdW1iZXIiOjQxMjgyNjEzODczNX0.AB2LPV8wRQIgPz3KH9BbB8fYyWf8yGj2ZsIX4LEEN8PYlb145Ylxi_MCIQC6RDz5HgX1q2JVaam3q4aJbJpsbAcT0dG7jKBOIfx9cg","RefreshToken":"3_AS3qfwKL4yC1PNY0r-g7rN-vDoi03rP6YtkrvVLPGG4sBkU4yzOrDk_pO37FAiLq15zYCbpEX1GecWksCz3k-J4bfDO2eNwXC9OScSiOH76jNDk","TokenCreationEpochInSecs":1759736250,"ExpiresInSecs":604800}